{"introducere":{"data":"1-7 IANUARIE","capitole":"IOV 32, 33","cantarea":"Cântarea 102 și rugăciune | Cuvinte introductive (1 min.)"},"comori":[{"title":"1. Să le aducem mângâiere celor care suferă de anxietate","paragraf":"(10 min.)Tratează-i pe alții ca pe niște prieteni (Iov 33:1; it-1-E 710)Nu-i judeca, ci manifestă empatie (Iov 33:6, 7; w14 15/6 25 ¶8-10)Înainte de a vorbi, ascultă și gândește-te ce să spui, cum a făcut Elihu (Iov 33:8-12, 17; w20.03 23 ¶17, 18; vezi imaginea de copertă)"},{"title":"2. Nestemate spirituale","paragraf":"(10 min.)Iov 33:25 – Cum ne ajută acest verset să avem un punct de vedere echilibrat referitor la înfățișarea noastră pe măsură ce înaintăm în vârstă? (w13 15/1 19 ¶10)Ce nestemate spirituale ai găsit în citirea Bibliei din această săptămână?"},{"title":"3. Citirea Bibliei","paragraf":"(4 min.) Iov 32:1-22 (th lecția 12)"}],"predicare":[{"title":"4. Interes față de alții – Ce a făcut Isus","paragraf":"(7 min.) Discuție. Se va viziona MATERIALUL VIDEO, apoi se va analiza lmd lecția 1, punctele 1 și 2."},{"title":"5. Interes față de alții – Imită-l pe Isus","paragraf":"(8 min.) Discuție bazată pe lmd lecția 1, punctele 3-5 și „Vezi și”."}],"crestin":[{"title":"Cântarea 116","paragraf":""},{"title":"6. Necesități locale","paragraf":"(15 min.)"},{"title":"7. Studiul Bibliei în congregație","paragraf":"(30 min.) bt cap. 4, chenarul de la pag. 30"},{"title":"Cuvinte de încheiere (3 min.) | Cântarea 54 și rugăciune","paragraf":""}]}