{"introducere":{"data":"11-17 MARTIE","capitole":"PSALMUL 18","cantarea":"Cântarea 148 și rugăciune | Cuvinte introductive (1 min.)"},"comori":[{"title":"1. „Iehova este . . . Cel ce mă scapă”","paragraf":"(10 min.)Iehova este asemenea unei stânci, unei fortărețe și unui scut (Ps 18:1, 2; w09 1/5 14 ¶3, 4)Iehova ne aude strigătul după ajutor (Ps 18:6; it-2-E 1161 ¶7)Iehova acționează în folosul nostru (Ps 18:16, 17; w22.04 3 ¶1)Iehova ar putea alege să înlăture o încercare cu care ne confruntăm, așa cum a făcut uneori în cazul lui David. Totuși, Dumnezeu pregătește „calea de ieșire”, oferindu-ne ce avem nevoie pentru a face față încercării. (1Co 10:13)"},{"title":"2. Nestemate spirituale","paragraf":"(10 min.)Ps 18:10 – De ce l-a descris psalmistul pe Iehova venind „călare pe un heruvim”? (it, Heruvim ¶3)Ce nestemate spirituale ai găsit în citirea Bibliei din această săptămână?"},{"title":"3. Citirea Bibliei","paragraf":"(4 min.) Ps 18:20-39 (th lecția 10)"}],"predicare":[{"title":"4. Bunătate – Ce a făcut Isus","paragraf":"(7 min.) Discuție. Se va viziona MATERIALUL VIDEO, apoi se va analiza lmd lecția 3, punctele 1 și 2."},{"title":"5. Bunătate – Imită-l pe Isus","paragraf":"(8 min.) Discuție bazată pe lmd lecția 3, punctele 3-5 și „Vezi și”."}],"crestin":[{"title":"Cântarea 60","paragraf":""},{"title":"6. Necesități locale","paragraf":"(5 min.)"},{"title":"7. Realizări organizatorice pentru luna martie","paragraf":"(10 min.) Se va viziona MATERIALUL."},{"title":"8. Studiul Bibliei în congregație","paragraf":"(30 min.) bt cap. 7 ¶1-8, chenarul de la pag. 53"},{"title":"Cuvinte de încheiere (3 min.) | Cântarea 69 și rugăciune","paragraf":""}]}