{"introducere":{"data":"25-31 MARTIE","capitole":"PSALMUL 22","cantarea":"Cântarea 19 și rugăciune | Cuvinte introductive (1 min.)"},"comori":[{"title":"1. Detalii profețite cu privire la moartea lui Isus","paragraf":"(10 min.)Oamenii aveau să creadă că Isus era părăsit de Dumnezeu (Ps 22:1; w11 15/8 15 ¶16)Isus avea să fie batjocorit (Ps 22:7, 8; w11 15/8 14 ¶13)Aveau să fie aruncați sorții pentru îmbrăcămintea lui (Ps 22:18; w11 15/8 15 ¶14; vezi imaginea de copertă)ÎNTREABĂ-TE: Cum îmi întărește Psalmul 22 încrederea că și alte profeții mesianice, cum ar fi cea din Mica 4:4, se vor împlini cu exactitate?"},{"title":"2. Nestemate spirituale","paragraf":"(10 min.)Ps 22:22 – Care sunt două modalități prin care îl putem imita pe psalmist în prezent? (w06 1/11 29 ¶7; w03 1/9 20 ¶1)Ce nestemate spirituale ai găsit în citirea Bibliei din această săptămână?"},{"title":"3. Citirea Bibliei","paragraf":"(4 min.) Ps 22:1-19 (th lecția 2)"}],"predicare":[{"title":"4. Începe o conversație","paragraf":"(3 min.) DIN CASĂ ÎN CASĂ. (lmd lecția 4, punctul 4)"},{"title":"5. Fă vizite ulterioare","paragraf":"(4 min.) MĂRTURIE INFORMALĂ. Ia legătura din nou cu o persoană care a acceptat invitația de a asista la Comemorare. (lmd lecția 4, punctul 3)"},{"title":"6. Cuvântare","paragraf":"(5 min.) w20.07 12, 13 ¶14-17 – Tema: Cum ne întăresc credința profețiile biblice. (th lecția 20)"}],"crestin":[{"title":"Cântarea 95","paragraf":""},{"title":"7. Necesități locale","paragraf":"(15 min.)"},{"title":"8. Studiul Bibliei în congregație","paragraf":"(30 min.) bt cap. 7 ¶14-18, chenarele de la pag. 57, 58"},{"title":"Cuvinte de încheiere (3 min.) | Cântarea 53 și rugăciune","paragraf":""}]}