{"introducere":{"data":"22-28 APRILIE","capitole":"PSALMII 32, 33","cantarea":"Cântarea 103 și rugăciune | Cuvinte introductive (1 min.)"},"comori":[{"title":"1. De ce trebuie mărturisit un păcat grav?","paragraf":"(10 min.)David a fost profund tulburat când a încercat să-și ascundă păcatele, probabil cele ce aveau legătură cu Bat-Șeba (Ps 32:3, 4; w93 15/3 9 ¶7)David i-a mărturisit lui Iehova păcatul și a fost iertat (Ps 32:5; cl 262 ¶8)David s-a simțit ușurat după ce a fost iertat de Iehova (Ps 32:1; w01 1/6 30 ¶1)Dacă comitem un păcat grav, trebuie să-l mărturisim înaintea lui Iehova, recunoscând cu umilință că am greșit, și să-i cerem iertare. De asemenea, trebuie să apelăm la bătrâni, care ne vor ajuta să ne redobândim sănătatea spirituală. (Iac 5:14-16) Drept urmare, vom simți înviorare de la Iehova. (Fa 3:19)"},{"title":"2. Nestemate spirituale","paragraf":"(10 min.)Ps 33:6 – Ce reprezintă „spiritul gurii” lui Iehova? (w06 15/5 20 ¶1)Ce nestemate spirituale ai găsit în citirea Bibliei din această săptămână?"},{"title":"3. Citirea Bibliei","paragraf":"(4 min.) Ps 33:1-22 (th lecția 11)"}],"predicare":[{"title":"4. Umilință – Ce a făcut Pavel","paragraf":"(7 min.) Discuție. Se va viziona MATERIALUL VIDEO, apoi se va analiza lmd lecția 4, punctele 1 și 2."},{"title":"5. Umilință – Imită-l pe Pavel","paragraf":"(8 min.) Discuție bazată pe lmd lecția 4, punctele 3-5 și „Vezi și”."}],"crestin":[{"title":"Cântarea 74","paragraf":""},{"title":"6. Necesități locale","paragraf":"(15 min.)"},{"title":"7. Studiul Bibliei în congregație","paragraf":"(30 min.) bt cap. 8 ¶22-24, chenarul de la pag. 67"},{"title":"Cuvinte de încheiere (3 min.) | Cântarea 39 și rugăciune","paragraf":""}]}