{"introducere":{"data":"13-19 MAI","capitole":"PSALMII 38, 39","cantarea":"Cântarea 125 și rugăciune | Cuvinte introductive (1 min.)"},"comori":[{"title":"1. Să ne eliberăm de povara sentimentelor exagerate de vinovăție","paragraf":"(10 min.)Sentimentele exagerate de vinovăție pot fi asemenea unei poveri zdrobitoare (Ps 38:3-8; w20.11 27 ¶12, 13)În loc să te concentrezi asupra greșelilor din trecut, fii hotărât să îți folosești de acum înainte viața pentru a-l bucura pe Iehova (Ps 39:4, 5; w02 15/11 20 ¶1, 2)Roagă-te, chiar dacă, din cauza sentimentelor de vinovăție, simți că ți-e greu (Ps 39:12; w21.10 15 ¶4)Dacă te simți apăsat de sentimente exagerate de vinovăție, nu uita că Iehova îi iartă „cu larghețe” pe cei ce păcătuiesc și se căiesc. (Is 55:7)"},{"title":"2. Nestemate spirituale","paragraf":"(10 min.)Ps 39:1 – În ce situații ar putea fi necesar să aplicăm principiul de ‘a ne pune frâu gurii’? (w22.09 13 ¶16)Ce nestemate spirituale ai găsit în citirea Bibliei din această săptămână?"},{"title":"3. Citirea Bibliei","paragraf":"(4 min.) Ps 38:1-22 (th lecția 2)"}],"predicare":[{"title":"4. Tact – Ce a făcut Pavel","paragraf":"(7 min.) Discuție. Se va viziona MATERIALUL VIDEO, apoi se va analiza lmd lecția 5, punctele 1 și 2."},{"title":"5. Tact – Imită-l pe Pavel","paragraf":"(8 min.) Discuție bazată pe lmd lecția 5, punctele 3-5 și „Vezi și”."}],"crestin":[{"title":"Cântarea 44","paragraf":""},{"title":"6. Necesități locale","paragraf":"(15 min.)"},{"title":"7. Studiul Bibliei în congregație","paragraf":"(30 min.) bt cap. 9 ¶17-24, chenarul de la p. 73"},{"title":"Cuvinte de încheiere (3 min.) | Cântarea 84 și rugăciune","paragraf":""}]}