{"introducere":{"data":"10-16 IUNIE","capitole":"PSALMII 48-50","cantarea":"Cântarea 126 și rugăciune | Cuvinte introductive (1 min.)"},"comori":[{"title":"1. Părinți, întăriți-le copiilor încrederea în organizația lui Iehova","paragraf":"(10 min.)Ajutați-vă copiii să se apropie de Iehova și de organizația sa (Ps 48:12, 13; w22.03 22 ¶11; w11 15/3 19 ¶5-7)Învățați-i pe copii istoria organizației lui Iehova (w12 15/8 12 ¶5)Prin propriul exemplu, ajutați-vă familia să urmeze îndrumările organizației lui Iehova (Ps 48:14)SUGESTIE PENTRU ÎNCHINAREA ÎN FAMILIE: Din când în când, vizionați materiale de la categoria „Organizația noastră” de pe site-ul jw.org și discutați pe marginea lor."},{"title":"2. Nestemate spirituale","paragraf":"(10 min.)Ps 49:6, 7 – Ce anume nu trebuiau să piardă din vedere israeliții referitor la prosperitatea lor materială? (it-2-E 805)Ce nestemate spirituale ai găsit în citirea Bibliei din această săptămână?"},{"title":"3. Citirea Bibliei","paragraf":"(4 min.) Ps 50:1-23 (th lecția 11)"}],"predicare":[{"title":"4. Îndrăzneală – Ce a făcut Isus","paragraf":"(7 min.) Discuție. Se va viziona MATERIALUL VIDEO, apoi se va analiza lmd lecția 6, punctele 1 și 2."},{"title":"5. Îndrăzneală – Imită-l pe Isus","paragraf":"(8 min.) Discuție bazată pe lmd lecția 6, punctele 3-5 și „Vezi și”."}],"crestin":[{"title":"Cântarea 73","paragraf":""},{"title":"6. Necesități locale","paragraf":"(15 min.)"},{"title":"7. Studiul Bibliei în congregație","paragraf":"(30 min.) bt cap. 11 ¶1-4, introducere la partea a IV-a și chenarele de la p. 86, 87"},{"title":"Cuvinte de încheiere (3 min.) | Cântarea 103 și rugăciune","paragraf":""}]}