{"introducere":{"data":"17-23 IUNIE","capitole":"PSALMII 51-53","cantarea":"Cântarea 89 și rugăciune | Cuvinte introductive (1 min.)"},"comori":[{"title":"1. Ia măsuri pentru a evita greșelile grave","paragraf":"(10 min.)Nu fi prea încrezător în propriile puteri – toți oamenii au înclinația de a face ce este rău (Ps 51:5; 2Co 11:3)Păstrează un bun program de activități spirituale (Ps 51:6; w19.01 15 ¶4, 5)Luptă împotriva gândurilor și a dorințelor necurate (Ps 51:10-12; w15 15/6 14 ¶5, 6)"},{"title":"2. Nestemate spirituale","paragraf":"(10 min.)Ps 52:2-4 – Cum descriu aceste versete acțiunile lui Doeg? (it, Doeg)Ce nestemate spirituale ai găsit în citirea Bibliei din această săptămână?"},{"title":"3. Citirea Bibliei","paragraf":"(4 min.) Ps 51:1-19 (th lecția 12)"}],"predicare":[{"title":"4. Începe o conversație","paragraf":"(2 min.) MĂRTURIE PUBLICĂ. (lmd lecția 7, punctul 3)"},{"title":"5. Începe o conversație","paragraf":"(2 min.) DIN CASĂ ÎN CASĂ. (lmd lecția 4, punctul 4)"},{"title":"6. Fă vizite ulterioare","paragraf":"(3 min.) MĂRTURIE INFORMALĂ. Arată-i persoanei care este numele lui Dumnezeu. (lmd lecția 9, punctul 5)"},{"title":"7. Fă discipoli","paragraf":"(4 min.) lff lecția 14, punctul 7 și „Unii oameni spun” (lmd lecția 11, punctul 5)"}],"crestin":[{"title":"Cântarea 115","paragraf":""},{"title":"8. Ia măsuri pentru a-ți repara greșelile","paragraf":"(15 min.) Discuție.Indiferent cât de mult ne străduim să evităm greșelile, cu toții păcătuim. (1Io 1:8) Când facem greșeli, nu ar trebui să permitem ca rușinea sau teama de consecințe să ne împiedice să-i cerem lui Iehova iertare și ajutor. (1Io 1:9) Primul lucru pe care îl putem face pentru a repara o greșeală este să ne îndreptăm către Iehova în rugăciune.Citiți Psalmul 51:1, 2, 17. Apoi întreabă auditoriul:  Cum ne ajută cuvintele lui David să-i cerem lui Iehova ajutor când facem o greșeală gravă?Se va viziona MATERIALUL Viața mea de adolescent – Cum pot să-mi repar greșelile? Apoi întreabă auditoriul:  Cum au ajuns Thalila și José să greșească?  Ce au făcut ei pentru a-și repara greșelile?  Ce foloase au tras ulterior?"},{"title":"9. Studiul Bibliei în congregație","paragraf":"(30 min.) bt cap. 11 ¶5-10 și chenarul de la p. 89"},{"title":"Cuvinte de încheiere (3 min.) | Cântarea 129 și rugăciune","paragraf":""}]}