{"introducere":{"data":"24-30 IUNIE","capitole":"PSALMII 54-56","cantarea":"Cântarea 48 și rugăciune | Cuvinte introductive (1 min.)"},"comori":[{"title":"1. Dumnezeu este de partea ta","paragraf":"(10 min.)Asemenea lui David, bizuie-te pe Iehova când îți este teamă (Ps 56:1-4; w06 1/8 22 ¶10, 11)Iehova prețuiește perseverența ta și te va ajuta (Ps 56:8; cl 243 ¶9)Iehova este de partea ta. El nu va permite niciunui lucru să-ți cauzeze prejudicii iremediabile (Ps 56:9-13; Ro 8:36-39; w22.06 18 ¶16, 17)"},{"title":"2. Nestemate spirituale","paragraf":"(10 min.)Ps 55:12, 13 – A fost Iuda predestinat de Iehova să-l trădeze pe Isus? (it, Preștiință, alegere (hotărâre) dinainte, „A fost Iuda predestinat de Dumnezeu să-l trădeze pe Isus pentru a împlini profeția?” ¶1, 2)Ce nestemate spirituale ai găsit în citirea Bibliei din această săptămână?"},{"title":"3. Citirea Bibliei","paragraf":"(4 min.) Ps 55:1-23 (th lecția 10)"}],"predicare":[{"title":"4. Începe o conversație","paragraf":"(3 min.) MĂRTURIE PUBLICĂ. Prezintă programul nostru de studiere a Bibliei și oferă o carte de vizită „Curs biblic gratuit”. (th lecția 11)"},{"title":"5. Fă vizite ulterioare","paragraf":"(4 min.) MĂRTURIE INFORMALĂ. (lmd lecția 7, punctul 4)"},{"title":"6. Cuvântare","paragraf":"(5 min.) w23.01 29, 30 ¶12-14 – Tema: Iubirea pentru Cristos ne motivează să fim curajoși. Vezi imaginea. (th lecția 9)"}],"crestin":[{"title":"Cântarea 153","paragraf":""},{"title":"7. Putem fi bucuroși în pofida . . . Sabiei","paragraf":"(5 min.) Discuție.Se va viziona MATERIALUL. Apoi întreabă auditoriul:  Ce învățăminte desprinse din experiența fratelui Dugbe ți-ar putea fi de ajutor atunci când ți-e teamă?"},{"title":"8. Realizări organizatorice pentru luna iunie","paragraf":"(10 min.) Se va viziona MATERIALUL."},{"title":"9. Studiul Bibliei în congregație","paragraf":"(30 min.) bt cap. 11 ¶11-19"},{"title":"Cuvinte de încheiere (3 min.) | Cântarea 70 și rugăciune","paragraf":""}]}