{"introducere":{"data":"1-7 IULIE","capitole":"PSALMII 57-59","cantarea":"Cântarea 148 și rugăciune | Cuvinte introductive (1 min.)"},"comori":[{"title":"1. Iehova zădărnicește planurile celor ce se opun poporului său","paragraf":"(10 min.)David a fost nevoit să se ascundă de regele Saul (1Sa 24:3; Ps 57, antet)Iehova a zădărnicit planurile împotrivitorilor lui David (1Sa 24:7-10, 17-22; Ps 57:3)De multe ori, planurile împotrivitorilor se întorc împotriva lor (Ps 57:6; bt 220, 221 ¶14, 15)ÎNTREABĂ-TE: Cum pot arăta că mă încred în Iehova când mă confrunt cu opoziție? (Ps 57:2)"},{"title":"2. Nestemate spirituale","paragraf":"(10 min.)Ps 57:7 – Ce înseamnă a avea o inimă statornică? (w23.07 18, 19 ¶16, 17)Ce nestemate spirituale ai găsit în citirea Bibliei din această săptămână?"},{"title":"3. Citirea Bibliei","paragraf":"(4 min.) Ps 59:1-17 (th lecția 12)"}],"predicare":[{"title":"4. Perseverență – Ce a făcut Pavel","paragraf":"(7 min.) Discuție. Se va viziona MATERIALUL VIDEO, apoi se va analiza lmd lecția 7, punctele 1 și 2."},{"title":"5. Perseverență – Imită-l pe Pavel","paragraf":"(8 min.) Discuție bazată pe lmd lecția 7, punctele 3-5 și „Vezi și”."}],"crestin":[{"title":"Cântarea 65","paragraf":""},{"title":"6. Necesități locale","paragraf":"(15 min.)"},{"title":"7. Studiul Bibliei în congregație","paragraf":"(30 min.) bt cap. 12 ¶1-6, chenarul de la p. 96"},{"title":"Cuvinte de încheiere (3 min.) | Cântarea 78 și rugăciune","paragraf":""}]}