{"introducere":{"data":"12-18 AUGUST","capitole":"PSALMII 73, 74","cantarea":"Cântarea 36 și rugăciune | Cuvinte introductive (1 min.)"},"comori":[{"title":"1. Îi invidiem pe cei ce nu-i slujesc lui Dumnezeu?","paragraf":"(10 min.)Am putea începe să-i invidiem pe cei ce nu-i slujesc lui Dumnezeu (Ps 73:3-5; w20.12 19 ¶14)Ne putem redobândi punctul de vedere corect dacă, în loc să ne izolăm, ne alăturăm fraților noștri în închinare (Ps 73:17; Pr 18:1; w20.12 19 ¶15, 16)Cei care nu-i slujesc lui Dumnezeu sunt „pe un teren alunecos”; cei care-i slujesc lui Dumnezeu sunt conduși „la glorie” (Ps 73:18, 19, 24; w14 15/4 4 ¶5; w13 15/2 25, 26 ¶3-5)"},{"title":"2. Nestemate spirituale","paragraf":"(10 min.)Ps 74:13, 14 – La ce se referă, după cât se pare, „leviatanul”? (it, Leviatan ¶4)Ce nestemate spirituale ai găsit în citirea Bibliei din această săptămână?"},{"title":"3. Citirea Bibliei","paragraf":"(4 min.) Ps 74:1-23 (th lecția 10)"}],"predicare":[{"title":"4. Începe o conversație","paragraf":"(3 min.) MĂRTURIE INFORMALĂ. Caută ocazia de a-i împărtăși unei cunoștințe ceva ce ai învățat la o întrunire recentă. (lmd lecția 2, punctul 4)"},{"title":"5. Fă vizite ulterioare","paragraf":"(4 min.) MĂRTURIE PUBLICĂ. Oferă un studiu biblic și arată cum se desfășoară acesta. (lmd lecția 8, punctul 3)"},{"title":"6. Explică-ți convingerile","paragraf":"(5 min.) Cuvântare. ijwbq 89 – Tema: Sunt bune toate religiile? (th lecția 14)"}],"crestin":[{"title":"Cântarea 72","paragraf":""},{"title":"7. Necesități locale","paragraf":"(15 min.)"},{"title":"8. Studiul Bibliei în congregație","paragraf":"(30 min.) bt cap. 14 ¶1-6, chenarul de la p. 112"},{"title":"Cuvinte de încheiere (3 min.) | Cântarea 98 și rugăciune","paragraf":""}]}