{"introducere":{"data":"19-25 AUGUST","capitole":"PSALMII 75-77","cantarea":"Cântarea 120 și rugăciune | Cuvinte introductive (1 min.)"},"comori":[{"title":"1. Nu fiți lăudăroși – De ce?","paragraf":"(10 min.)Cei lăudăroși nu-i sunt plăcuți lui Dumnezeu (Ps 75:4; 1Ti 3:6; w18.01 28 ¶4, 5)Orice privilegiu sau responsabilitate primită în congregație este un cadou nemeritat de la Iehova (Ps 75:5-7; w06 15/7 11 ¶3)Cei mândri, precum conducătorii plini de trufie ai pământului, vor fi umiliți de Iehova (Ps 76:12)"},{"title":"2. Nestemate spirituale","paragraf":"(10 min.)Ps 76:10 – Cum poate „furia oamenilor” să fie spre gloria lui Iehova? (w06 15/7 11 ¶4)Ce nestemate spirituale ai găsit în citirea Bibliei din această săptămână?"},{"title":"3. Citirea Bibliei","paragraf":"(4 min.) Ps 75:1–76:12 (th lecția 11)"}],"predicare":[{"title":"4. Începe o conversație","paragraf":"(3 min.) MĂRTURIE INFORMALĂ. Arată-i persoanei un material video de pe jw.org în limba pe care o preferă. (lmd lecția 1, punctul 4)"},{"title":"5. Începe o conversație","paragraf":"(4 min.) DIN CASĂ ÎN CASĂ. Fii adaptabil când o persoană îți spune că nu crede în Dumnezeu. (lmd lecția 2, punctul 5)"},{"title":"6. Fă discipoli","paragraf":"(5 min.) lff lecția 15, punctul 4 (lmd lecția 11, punctul 3)"}],"crestin":[{"title":"Cântarea 127","paragraf":""},{"title":"7. Rămâi loial când ești lăudat","paragraf":"(7 min.) Discuție.Se va viziona MATERIALUL Să fim loiali, așa cum a fost Isus – Când suntem lăudați. Apoi întreabă auditoriul:  Ce învățăm din modul plin de umilință în care Serghei a răspuns la laude?"},{"title":"8. Campanie specială de inițiere de studii biblice în luna septembrie cu ajutorul broșurii Bucură-te pentru totdeauna de viață!","paragraf":"(8 min.) Cuvântare ținută de supraveghetorul serviciului. Stimulează entuziasmul pentru campanie și prezintă pe scurt măsurile luate pe plan local."},{"title":"9. Studiul Bibliei în congregație","paragraf":"(30 min.) bt cap. 14 ¶7-10, chenarul de la p. 110"},{"title":"Cuvinte de încheiere (3 min.) | Cântarea 95 și rugăciune","paragraf":""}]}