{"introducere":{"data":"9-15 SEPTEMBRIE","capitole":"PSALMII 82-84","cantarea":"Cântarea 80 și rugăciune | Cuvinte introductive (1 min.)"},"comori":[{"title":"1. Apreciază privilegiile pe care le ai","paragraf":"(10 min.)Noi ne prețuim privilegiile de serviciu (Ps 84:1-3; wp16.6 8 ¶2, 3)Bucurați-vă de responsabilitățile pe care le aveți în loc să vă concentrați asupra celor pe care ați vrea să le aveți (Ps 84:10; w08 15/7 30 ¶3, 4)Iehova este bun cu toți cei care îi slujesc cu fidelitate (Ps 84:11; w20.01 16 ¶12)Orice privilegiu de serviciu aduce cu sine binecuvântări, dar și dificultăți. Dacă te vei concentra asupra binecuvântărilor, vei găsi bucurie în orice faci."},{"title":"2. Nestemate spirituale","paragraf":"(10 min.)Ps 82:3 – Cât de important este să le arătăm grijă și iubire ‘orfanilor de tată’ din congregație? (it, Orfan de tată ¶2, 3)Ce nestemate spirituale ai găsit în citirea Bibliei din această săptămână?"},{"title":"3. Citirea Bibliei","paragraf":"(4 min.) Ps 82:1–83:18 (th lecția 2)"}],"predicare":[{"title":"4. Empatie – Ce a făcut Isus","paragraf":"(7 min.) Discuție. Se va viziona MATERIALUL VIDEO, apoi se va analiza lmd lecția 9, punctele 1, 2."},{"title":"5. Empatie – Imită-l pe Isus","paragraf":"(8 min.) Discuție bazată pe lmd lecția 9, punctele 3-5 și „Vezi și”."}],"crestin":[{"title":"Cântarea 57","paragraf":""},{"title":"6. Necesități locale","paragraf":"(15 min.)"},{"title":"7. Studiul Bibliei în congregație","paragraf":"(30 min.) bt cap. 15 ¶8-12 și chenarul de la p. 118"},{"title":"Cuvinte de încheiere (3 min.) | Cântarea 130 și rugăciune","paragraf":""}]}