{"introducere":{"data":"30 SEPTEMBRIE – 6 OCTOMBRIE","capitole":"PSALMII 90, 91","cantarea":"Cântarea 140 și rugăciune | Cuvinte introductive (1 min.)"},"comori":[{"title":"1. Dacă ne încredem în Iehova, vom avea „o viață lungă”","paragraf":"(10 min.)Oamenii nu pot să-și prelungească prea mult durata vieții (Ps 90:10; wp19.3 5 ¶3-5)Iehova este „din veșnicie în veșnicie” (Ps 90:2; wp19.1 5, chenarul)El are atât puterea, cât și dorința de a le da viață veșnică celor ce se încred în el (Ps 21:4; 91:16)Să nu ne compromitem niciodată relația cu Iehova acceptând tratamente medicale care contravin normelor sale. (w22.06 18 ¶16, 17)"},{"title":"2. Nestemate spirituale","paragraf":"(10 min.)Ps 91:11 – Ce punct de vedere echilibrat trebuie să avem cu privire la ajutorul îngerilor? (wp17.5 5)Ce nestemate spirituale ai găsit în citirea Bibliei din această săptămână?"},{"title":"3. Citirea Bibliei","paragraf":"(4 min.) Ps 91:1-16 (th lecția 10)"}],"predicare":[{"title":"4. Începe o conversație","paragraf":"(3 min.) MĂRTURIE INFORMALĂ. Fără să aduci în discuție Biblia, încurajează persoana să-ți spună ce anume o preocupă, iar astfel vei înțelege cum ar putea-o ajuta Biblia în viața de zi cu zi. (lmd lecția 1, punctul 3)"},{"title":"5. Începe o conversație","paragraf":"(4 min.) MĂRTURIE INFORMALĂ. (lmd lecția 1, punctul 4)"},{"title":"6. Cuvântare","paragraf":"(5 min.) lmd apendice A, punctul 5 – Tema: Vei putea trăi pentru totdeauna pe pământ. (th lecția 14)"}],"crestin":[{"title":"Cântarea 158","paragraf":""},{"title":"7. Să prețuim bogăția răbdării lui Dumnezeu – Modul în care privește Iehova timpul","paragraf":"(5 min.) Discuție.Se va viziona MATERIALUL VIDEO. Apoi întreabă auditoriul:  Cum ne va ajuta faptul de a înțelege cum privește Iehova timpul să așteptăm cu răbdare promisiunile sale?"},{"title":"8. Realizări organizatorice pentru luna septembrie","paragraf":"(10 min.) Se va viziona MATERIALUL VIDEO."},{"title":"9. Studiul Bibliei în congregație","paragraf":"(30 min.) bt cap. 16 ¶1-5 și chenarul de la p. 128"},{"title":"Cuvinte de încheiere (3 min.) | Cântarea 68 și rugăciune","paragraf":""}]}