{"introducere":{"data":"14-20 OCTOMBRIE","capitole":"PSALMII 96-99","cantarea":"Cântarea 66 și rugăciune | Cuvinte introductive (1 min.)"},"comori":[{"title":"1. „Proclamați . . . vestea bună”!","paragraf":"(10 min.)Vorbiți-le altora despre vestea bună (Ps 96:2; w11 1/3 6 ¶1, 2)Învățați-i despre vestea bună a Zilei Judecății (Ps 96:12, 13; w12 1/9 16 ¶1)Ajutați-i să cunoască scopul lui Iehova de a umple pământul cu oameni care laudă numele său (Ps 99:1-3; w12 15/9 12 ¶18, 19)"},{"title":"2. Nestemate spirituale","paragraf":"(10 min.)Ps 96:1 – Care este sensul expresiei „o cântare nouă” în majoritatea ocurențelor? (it, Cântare ¶3)Ce nestemate spirituale ai găsit în citirea Bibliei din această săptămână?"},{"title":"3. Citirea Bibliei","paragraf":"(4 min.) Ps 98:1–99:9 (th lecția 11)"}],"predicare":[{"title":"4. Devotament – Ce a făcut Isus","paragraf":"(7 min.) Discuție. Se va viziona MATERIALUL VIDEO, apoi se va analiza lmd lecția 10, punctele 1 și 2."},{"title":"5. Devotament – Imită-l pe Isus","paragraf":"(8 min.) Discuție bazată pe lmd lecția 10, punctele 3-5 și „Vezi și”."}],"crestin":[{"title":"Cântarea 9","paragraf":""},{"title":"6. Necesități locale","paragraf":"(15 min.)"},{"title":"7. Studiul Bibliei în congregație","paragraf":"(30 min.) bt cap. 16 ¶10-18"},{"title":"Cuvinte de încheiere (3 min.) | Cântarea 67 și rugăciune","paragraf":""}]}