{"introducere":{"data":"21-27 OCTOMBRIE","capitole":"PSALMII 100-102","cantarea":"Cântarea 37 și rugăciune | Cuvinte introductive (1 min.)"},"comori":[{"title":"1. Să ne arătăm recunoștința față de iubirea loială a lui Iehova","paragraf":"(10 min.)Cultivă o iubire puternică față de Iehova (Ps 100:5; w23.03 12 ¶18, 19)Evită lucrurile care ți-ar putea periclita prietenia cu Iehova (Ps 101:2, 3; w23.02 17 ¶10)Respinge-i pe cei ce îl calomniază pe Iehova și organizația sa (Ps 101:5; w11 15/7 16 ¶7, 8)ÎNTREABĂ-TE: Ar putea modul în care folosesc social media să-mi pună în pericol relația de prietenie cu Iehova?"},{"title":"2. Nestemate spirituale","paragraf":"(10 min.)Ps 102:6 – De ce se compară psalmistul cu un pelican? (it, Pelican ¶2, 3)Ce nestemate spirituale ai găsit în citirea Bibliei din această săptămână?"},{"title":"3. Citirea Bibliei","paragraf":"(4 min.) Ps 102:1-28 (th lecția 12)"}],"predicare":[{"title":"4. Începe o conversație","paragraf":"(3 min.) DIN CASĂ ÎN CASĂ. (lmd lecția 2, punctul 3)"},{"title":"5. Fă vizite ulterioare","paragraf":"(5 min.) DIN CASĂ ÎN CASĂ. Oferă un studiu biblic. (lmd lecția 9, punctul 4)"},{"title":"6. Explică-ți convingerile","paragraf":"(4 min.) Demonstrație. ijwbq 129 – Tema: A fost Biblia modificată? (th lecția 8)"}],"crestin":[{"title":"Cântarea 137","paragraf":""},{"title":"7. ‘Eu mă alipesc de tine, tu mă ții strâns’","paragraf":"(15 min.)Discuție. Se va viziona MATERIALUL VIDEO. Apoi întreabă auditoriul:  Cum a dat dovadă Ana de iubire loială?  Cum îi putem imita exemplul?"},{"title":"8. Studiul Bibliei în congregație","paragraf":"(30 min.) bt cap. 17 ¶1-7"},{"title":"Cuvinte de încheiere (3 min.) | Cântarea 96 și rugăciune","paragraf":""}]}