{"introducere":{"data":"11-17 NOIEMBRIE","capitole":"PSALMUL 106","cantarea":"Cântarea 36 și rugăciune | Cuvinte introductive (1 min.)"},"comori":[{"title":"1. „L-au uitat pe Dumnezeu, Salvatorul lor”","paragraf":"(10 min.)Când au fost cuprinși de teamă, israeliții s-au răzvrătit împotriva lui Iehova (Ex 14:11, 12; Ps 106:7-9)Când le-a fost foame și sete, israeliții au murmurat împotriva lui Iehova (Ex 15:24; 16:3, 8; 17:2, 3; Ps 106:13, 14)Când și-au pierdut răbdarea, israeliții au început să se închine la idoli (Ex 32:1; Ps 106:19-21; w18.07 20 ¶13)MEDITEAZĂ: De ce e important să ne amintim cum ne-a ajutat Iehova în trecut atunci când ne confruntăm cu încercări?"},{"title":"2. Nestemate spirituale","paragraf":"(10 min.)Ps 106:36, 37 – Ce legătură există între închinarea la idoli și jertfele aduse demonilor? (w06 15/7 13 ¶9)Ce nestemate spirituale ai găsit în citirea Bibliei din această săptămână?"},{"title":"3. Citirea Bibliei","paragraf":"(4 min.) Ps 106:21-48 (th lecția 10)"}],"predicare":[{"title":"4. Simplitate – Ce a făcut Isus","paragraf":"(7 min.) Discuție. Se va viziona MATERIALUL VIDEO, apoi se va analiza lmd lecția 11, punctele 1 și 2."},{"title":"5. Simplitate – Imită-l pe Isus","paragraf":"(8 min.) Discuție bazată pe lmd lecția 11, punctele 3-5 și „Vezi și”."}],"crestin":[{"title":"Cântarea 78","paragraf":""},{"title":"6. Necesități locale","paragraf":"(15 min.)"},{"title":"7. Studiul Bibliei în congregație","paragraf":"(30 min.) bt cap. 18 ¶1-5 și chenarele de la p. 142, 144"},{"title":"Cuvinte de încheiere (3 min.) | Cântarea 77 și rugăciune","paragraf":""}]}