{"introducere":{"data":"2-8 DECEMBRIE","capitole":"PSALMII 113-118","cantarea":"Cântarea 127 și rugăciune | Cuvinte introductive (1 min.)"},"comori":[{"title":"1. Cum vom putea să-l răsplătim pe Iehova?","paragraf":"(10 min.)Iehova ne ocrotește, ne arată bunătate și ne salvează (Ps 116:6-8; w01 1/1 11 ¶13)Putem să-l răsplătim pe Iehova trăindu-ne viața în armonie cu legile și principiile sale (Ps 116:12, 14; w09 15/7 29 ¶4, 5)Putem să-l răsplătim pe Iehova aducându-i ‘o jertfă de mulțumire’ (Ps 116:17; w19.11 22, 23 ¶9-11)"},{"title":"2. Nestemate spirituale","paragraf":"(10 min.)Ps 116:15 – La cine se referă expresia ‘cei loiali lui Dumnezeu’ din acest verset? (w12 15/5 22 ¶1, 2)Ce nestemate spirituale ai găsit în citirea Bibliei din această săptămână?"},{"title":"3. Citirea Bibliei","paragraf":"(4 min.) Ps 116:1–117:2 (th lecția 2)"}],"predicare":[{"title":"4. Curaj – Ce a făcut Isus","paragraf":"(7 min.) Discuție. Se va viziona MATERIALUL VIDEO, apoi se va analiza lmd lecția 12, punctele 1 și 2."},{"title":"5. Curaj – Imită-l pe Isus","paragraf":"(8 min.) Discuție bazată pe lmd lecția 12, punctele 3-5 și „Vezi și”."}],"crestin":[{"title":"Cântarea 60","paragraf":""},{"title":"6. Necesități locale","paragraf":"(15 min.)"},{"title":"7. Studiul Bibliei în congregație","paragraf":"(30 min.) bt cap. 19 ¶1-5 și chenarele de la p. 149, 150"},{"title":"Cuvinte de încheiere (3 min.) | Cântarea 29 și rugăciune","paragraf":""}]}