{"introducere":{"data":"9-15 DECEMBRIE","capitole":"PSALMUL 119:1-56","cantarea":"Cântarea 124 și rugăciune | Cuvinte introductive (1 min.)"},"comori":[{"title":"1. „Cum poate un tânăr să-și păstreze curată cărarea?”","paragraf":"(10 min.)Rămâi vigilent (Ps 119:9; w88 1/10 16 ¶10)Alipește-te de aducerile-aminte ale lui Dumnezeu (Ps 119:24, 31, 36; w06 15/6 25 ¶1)Abate-ți ochii de la ceea ce este lipsit de valoare (Ps 119:37; w10 15/4 20 ¶2)ÎNTREABĂ-TE: Ce aduceri-aminte mă ajută să rămân curat pe plan moral?"},{"title":"2. Nestemate spirituale","paragraf":"(10 min.)Ps 119 – În ce stil a fost scris acest psalm și care ar fi motivul? (w05 15/4 10 ¶2)Ce nestemate spirituale ai găsit în citirea Bibliei din această săptămână?"},{"title":"3. Citirea Bibliei","paragraf":"(4 min.) Ps 119:1-32 (th lecția 5)"}],"predicare":[{"title":"4. Începe o conversație","paragraf":"(3 min.) MĂRTURIE INFORMALĂ. Începe o conversație cu cineva care trece pe lângă tine în timp ce te afli în mărturia din casă în casă. (lmd lecția 1, punctul 4)"},{"title":"5. Fă vizite ulterioare","paragraf":"(4 min.) DIN CASĂ ÎN CASĂ. La o vizită anterioară, locatarul ți-a spus că a pierdut recent în moarte o persoană dragă. (lmd lecția 9, punctul 3)"},{"title":"6. Cuvântare","paragraf":"(5 min.) ijwyp 83 – Tema: Cum pot să mă împotrivesc tentațiilor? (th lecția 20)"}],"crestin":[{"title":"Cântarea 40","paragraf":""},{"title":"7. Realizări organizatorice pentru luna decembrie","paragraf":"(10 min.) Se va viziona MATERIALUL."},{"title":"8. Necesități locale","paragraf":"(5 min.)"},{"title":"9. Studiul Bibliei în congregație","paragraf":"(30 min.) bt cap. 19 ¶6-13"},{"title":"Cuvinte de încheiere (3 min.) | Cântarea 21 și rugăciune","paragraf":""}]}