{"introducere":{"data":"5-11 FEBRUARIE","capitole":"PSALMII 1-4","cantarea":"Cântarea 150 și rugăciune | Cuvinte introductive (1 min.)"},"comori":[{"title":"1. Să luăm poziție de partea Regatului lui Dumnezeu","paragraf":"(10 min.)[Se va viziona MATERIALUL Introducere la cartea Psalmii.]Guvernele umane s-au făcut dușmani ai Regatului lui Dumnezeu (Ps 2:2; w21.09 15 ¶8)Iehova le dă tuturor oamenilor posibilitatea de a lua poziție de partea Regatului lui Dumnezeu (Ps 2:10-12)ÎNTREABĂ-TE: Sunt hotărât să rămân neutru vizavi de afacerile politice ale acestei lumi, chiar dacă aceasta ar putea însemna să întâmpin greutăți? (w16.04 29 ¶11)"},{"title":"2. Nestemate spirituale","paragraf":"(10 min.)Ps 1:4 – În ce sens sunt cei răi „ca pleava pe care o spulberă vântul”? (it, Pleavă)Ce nestemate spirituale ai găsit în citirea Bibliei din această săptămână?"},{"title":"3. Citirea Bibliei","paragraf":"(4 min.) Ps 3:1–4:8 (th lecția 12)"}],"predicare":[{"title":"4. Naturalețe – Ce a făcut Filip","paragraf":"(7 min.) Discuție. Se va viziona MATERIALUL VIDEO, apoi se va analiza lmd lecția 2, punctele 1 și 2."},{"title":"5. Naturalețe – Imită-l pe Filip","paragraf":"(8 min.) Discuție bazată pe lmd lecția 2, punctele 3-5 și „Vezi și”."}],"crestin":[{"title":"Cântarea 32","paragraf":""},{"title":"6. Necesități locale","paragraf":"(15 min.)"},{"title":"7. Studiul Bibliei în congregație","paragraf":"(30 min.) bt cap. 5 ¶9-15, chenarul de la pag. 41"},{"title":"Cuvinte de încheiere (3 min.) | Cântarea 61 și rugăciune","paragraf":""}]}