{"introducere":{"data":"30 DECEMBRIE 2024 – 5 IANUARIE 2025","capitole":"PSALMII 120-126","cantarea":"Cântarea 144 și rugăciune | Cuvinte introductive (1 min.)"},"comori":[{"title":"1. Au semănat cu lacrimi, dar au secerat cu bucurie","paragraf":"(10 min.)Israeliții s-au bucurat când au fost eliberați din Babilon și au putut restabili închinarea curată (Ps 126:1-3)E posibil ca cei care s-au întors în Iudeea să fi plâns din cauza muncii grele care le stătea în față (Ps 126:5; w04 1/6 16 ¶10)Poporul a perseverat și a fost binecuvântat (Ps 126:6; w21.11 24 ¶17; w01 15/7 18, 19 ¶13, 14; vezi imaginea)MEDITEAZĂ: După ce vom fi eliberați din acest sistem la Armaghedon, ce dificultăți vom întâmpina în timpul lucrării de transformare a pământului într-un paradis? Și ce binecuvântări vom secera?"},{"title":"2. Nestemate spirituale","paragraf":"(10 min.)Ps 124:2-5 – Ne putem aștepta ca Iehova să ne ocrotească din punct de vedere fizic așa cum a făcut cu națiunea Israel? (cl 73 ¶15)Ce nestemate spirituale ai găsit în citirea Bibliei din această săptămână?"},{"title":"3. Citirea Bibliei","paragraf":"(4 min.) Ps 124:1–126:6 (th lecția 5)"}],"predicare":[{"title":"4. Începe o conversație","paragraf":"(3 min.) MĂRTURIE PUBLICĂ. (lmd lecția 3, punctul 5)"},{"title":"5. Fă vizite ulterioare","paragraf":"(4 min.) DIN CASĂ ÎN CASĂ. La vizita anterioară, persoana ți-a spus că are îndoieli cu privire la Biblie. (lmd lecția 9, punctul 5)"},{"title":"6. Fă discipoli","paragraf":"(5 min.) lff lecția 16, introducere și punctele 1-3 (lmd lecția 11, punctul 3)"}],"crestin":[{"title":"Cântarea 155","paragraf":""},{"title":"7. Să găsim bucurie în promisiunile lui Dumnezeu","paragraf":"(15 min.) Discuție.Iehova a împlinit promisiunile făcute israeliților exilați în Babilon. El i-a eliberat și i-a vindecat din punct de vedere spiritual. (Is 33:24) În plus, nu a permis ca israeliții și animalele lor domestice să cadă pradă leilor și altor animale sălbatice care se înmulțiseră cât timp țara a fost nelocuită. (Is 65:25) Israeliții și-au construit case și s-au bucurat de ele; și-au sădit vii și le-au mâncat rodul. (Is 65:21) Dumnezeu le-a binecuvântat eforturile, iar ei s-au bucurat de o viață lungă. (Is 65:22, 23)Cascadă: Maridav/stock.adobe.com; munți: AndreyArmyagov/stock.adobe.comSe va viziona MATERIALUL Să găsim bucurie în promisiunile de pace ale lui Dumnezeu – Fragment. Apoi întreabă auditoriul:  Cum vedem împlinindu-se aceste profeții în prezent?  Cum se vor împlini acestea la o scară mult mai mare în lumea nouă?  Ce profeții aștepți cel mai mult să se împlinească?"},{"title":"8. Studiul Bibliei în congregație","paragraf":"(30 min.) bt cap. 20 ¶8-12 și chenarul de la p. 161"},{"title":"Cuvinte de încheiere (3 min.) | Cântarea 58 și rugăciune","paragraf":""}]}