{"introducere":{"data":"10-16 MARTIE","capitole":"PROVERBELE 4","cantarea":"Cântarea 36 și rugăciune | Cuvinte introductive (1 min.)"},"comori":[{"title":"1. „Păzește-ți inima”","paragraf":"(10 min.)Termenul „inimă” se referă la persoana lăuntrică (Ps 51:6; w19.01 15 ¶4)Prioritatea noastră ar trebui să fie aceea de a ne păzi inima (Pr 4:23a; w19.01 17 ¶10, 11; 18 ¶14; vezi imaginea)Viața noastră depinde de starea inimii noastre figurative (Pr 4:23b; w12 1/5 32 ¶2)"},{"title":"2. Nestemate spirituale","paragraf":"(10 min.)Pr 4:18 – Cum se aplică acest verset la creșterea spirituală a unui creștin? (w21.08 8 ¶4)Ce nestemate spirituale ai găsit în citirea Bibliei din această săptămână?"},{"title":"3. Citirea Bibliei","paragraf":"(4 min.) Pr 4:1-18 (th lecția 12)"}],"predicare":[{"title":"4. Începe o conversație","paragraf":"(3 min.) DIN CASĂ ÎN CASĂ. Persoana manifestă interes când primește o invitație la Comemorare. (lmd lecția 1, punctul 5)"},{"title":"5. Începe o conversație","paragraf":"(4 min.) MĂRTURIE INFORMALĂ. Invită o cunoștință la Comemorare. (lmd lecția 2, punctul 3)"},{"title":"6. Explică-ți convingerile","paragraf":"(5 min.) Demonstrație. ijwfq articolul 19 – Tema: De ce Martorii lui Iehova nu sărbătoresc Paștele? (lmd lecția 3, punctul 4)"}],"crestin":[{"title":"Cântarea 16","paragraf":""},{"title":"7. Realizări organizatorice pentru luna martie","paragraf":"(10 min.) Se va viziona MATERIALUL VIDEO."},{"title":"8. Campania în vederea Comemorării începe sâmbătă, 15 martie","paragraf":"(5 min.) Cuvântarea va fi ținută de supraveghetorul serviciului. Informează congregația cu privire la măsurile luate pentru parcurgerea teritoriului, pentru cuvântarea specială și pentru Comemorare. Încurajează-i pe toți să-și intensifice activitatea în lucrarea de predicare în lunile martie și aprilie."},{"title":"9. Studiul Bibliei în congregație","paragraf":"(30 min.) bt cap. 23 ¶16-19 și chenarul de la p. 188"},{"title":"Cuvinte de încheiere (3 min.) | Cântarea 76 și rugăciune","paragraf":""}]}