{"introducere":{"data":"24-30 MARTIE","capitole":"PROVERBELE 6","cantarea":"Cântarea 11 și rugăciune | Cuvinte introductive (1 min.)"},"comori":[{"title":"1. Ce învățăm de la furnică?","paragraf":"(10 min.)Putem învăța lecții valoroase observând furnicile (Pr 6:6)Furnicile sunt înzestrate cu instinctul de a lucra din greu, de a colabora și de a face provizii, deși nu au un conducător (Pr 6:7, 8; it, Furnică, „Înțelepciune instinctivă” ¶1; „Trăsături demne de imitat” ¶1)De ce ar trebui să imităm furnicile (Pr 6:9-11; w00 15/9 26 ¶4, 5)© Aerial Media Pro/Shutterstock"},{"title":"2. Nestemate spirituale","paragraf":"(10 min.)Pr 6:16-19 – Constituie păcatele menționate în aceste versete o listă completă și detaliată a lucrurilor pe care le urăște Iehova? (w00 15/9 27 ¶4)Ce nestemate spirituale ai găsit în citirea Bibliei din această săptămână?"},{"title":"3. Citirea Bibliei","paragraf":"(4 min.) Pr 6:1-26 (th lecția 10)"}],"predicare":[{"title":"4. Începe o conversație","paragraf":"(4 min.) MĂRTURIE INFORMALĂ. Invită o rudă inactivă la cuvântarea specială și la Comemorare. (lmd lecția 4, punctul 3)"},{"title":"5. Începe o conversație","paragraf":"(4 min.) MĂRTURIE INFORMALĂ. Cere-i angajatorului să-ți dea liber pentru a asista la Comemorare. (lmd lecția 3, punctul 3)"},{"title":"6. Începe o conversație","paragraf":"(4 min.) MĂRTURIE INFORMALĂ. Invită persoana la cuvântarea specială și la Comemorare. (lmd lecția 5, punctul 3)"}],"crestin":[{"title":"Cântarea 2","paragraf":""},{"title":"7. Creația demonstrează că Iehova vrea să fim bucuroși – Animalele fascinante","paragraf":"(5 min.) Discuție.Se va viziona MATERIALUL VIDEO. Apoi întreabă auditoriul:  Ce ne învață animalele despre Iehova?"},{"title":"8. Necesități locale","paragraf":"(10 min.)"},{"title":"9. Studiul Bibliei în congregație","paragraf":"(30 min.) bt cap. 24 ¶7-12 și chenarul de la p. 193"},{"title":"Cuvinte de încheiere (3 min.) | Cântarea 126 și rugăciune","paragraf":""}]}