{"introducere":{"data":"31 MARTIE – 6 APRILIE","capitole":"PROVERBELE 7","cantarea":"Cântarea 34 și rugăciune | Cuvinte introductive (1 min.)"},"comori":[{"title":"1. Să evităm situațiile care ne expun tentațiilor","paragraf":"(10 min.)Un tânăr naiv merge intenționat într-o zonă în care se practică prostituția (Pr 7:7-9; w00 15/11 29 ¶5)O prostituată îl abordează și îl seduce (Pr 7:10, 13-21; w00 15/11 30 ¶4-6)El suportă consecințe grave în urma deciziei de a se expune tentației (Pr 7:22, 23; w00 15/11 31 ¶2)"},{"title":"2. Nestemate spirituale","paragraf":"(10 min.)Pr 7:3 – Ce înseamnă să legăm poruncile lui Dumnezeu la degete și să le scriem pe tăblița inimii noastre? (w00 15/11 29 ¶1)Ce nestemate spirituale ai găsit în citirea Bibliei din această săptămână?"},{"title":"3. Citirea Bibliei","paragraf":"(4 min.) Pr 7:6-20 (th lecția 2)"}],"predicare":[{"title":"4. Fă vizite ulterioare","paragraf":"(4 min.) DIN CASĂ ÎN CASĂ. La vizita precedentă, locatarul a acceptat invitația la Comemorare și a manifestat interes. (lmd lecția 9, punctul 5)"},{"title":"5. Fă vizite ulterioare","paragraf":"(4 min.) MĂRTURIE INFORMALĂ. Cu ocazia ultimei conversații, persoana a acceptat invitația la Comemorare și a manifestat interes. (lmd lecția 9, punctul 4)"},{"title":"6. Fă vizite ulterioare","paragraf":"(4 min.) MĂRTURIE PUBLICĂ. Cu ocazia ultimei conversații, persoana a acceptat invitația la Comemorare și a manifestat interes. (lmd lecția 9, punctul 3)"}],"crestin":[{"title":"Cântarea 13","paragraf":""},{"title":"7. Un alt moment potrivit (Lu 4:6)","paragraf":"(15 min.) Discuție.Se va viziona MATERIALUL VIDEO. Apoi întreabă auditoriul:  Cum a fost Isus ispitit și cu ce ispite asemănătoare ne-am putea confrunta noi?  Cum putem respinge tentațiile Diavolului?"},{"title":"8. Studiul Bibliei în congregație","paragraf":"(30 min.) bt cap. 24 ¶13-21"},{"title":"Cuvinte de încheiere (3 min.) | Cântarea 70 și rugăciune","paragraf":""}]}