{"introducere":{"data":"7-13 APRILIE","capitole":"PROVERBELE 8","cantarea":"Cântarea 89 și rugăciune | Cuvinte introductive (1 min.)"},"comori":[{"title":"1. Să dăm ascultare înțelepciunii personificate","paragraf":"(10 min.)Isus, care este înțelepciunea personificată, a fost adus în existență de Iehova „ca început al căii sale” (Pr 8:1, 4, 22; cf 130 ¶7)Înțelepciunea lui Isus și iubirea sa pentru Tatăl lui au crescut în lunga perioadă de timp în care el a lucrat alături de Iehova la crearea tuturor lucrurilor (Pr 8:30, 31; cf 131 ¶8, 9)Tragem foloase din înțelepciunea lui Isus ascultând de el (Pr 8:32, 35; w09 15/4 31 ¶14, 15)"},{"title":"2. Nestemate spirituale","paragraf":"(10 min.)Pr 8:1-3 – Cum „strigă cu putere” înțelepciunea? (g 5/14 16)Ce nestemate spirituale ai găsit în citirea Bibliei din această săptămână?"},{"title":"3. Citirea Bibliei","paragraf":"(4 min.) Pr 8:22-36 (th lecția 10)"}],"predicare":[{"title":"4. Fă vizite ulterioare","paragraf":"(4 min.) MĂRTURIE INFORMALĂ. Persoana cu care discuți se gândește să vină la Comemorare. Răspunde la întrebările ei legate de acest eveniment. (lmd lecția 9, punctul 3)"},{"title":"5. Începe o conversație","paragraf":"(3 min.) MĂRTURIE INFORMALĂ. Întâmpină cu căldură o persoană care vine la Comemorare pentru că a găsit o invitație în cutia poștală. După program, răspunde-i la întrebări. (lmd lecția 3, punctul 5)"},{"title":"6. Explică-ți convingerile","paragraf":"(5 min.) Cuvântare. ijwbq articolul 160 – Tema: De ce este Isus numit Fiul lui Dumnezeu? (th lecția 1)"}],"crestin":[{"title":"Cântarea 105","paragraf":""},{"title":"7. Necesități locale","paragraf":"(15 min.)"},{"title":"8. Studiul Bibliei în congregație","paragraf":"(30 min.) bt cap. 25 ¶1-4 și chenarul de la p. 199"},{"title":"Cuvinte de încheiere (3 min.) | Cântarea 7 și rugăciune","paragraf":""}]}