{"introducere":{"data":"26 MAI – 1 IUNIE","capitole":"PROVERBELE 15","cantarea":"Cântarea 102 și rugăciune | Cuvinte introductive (1 min.)"},"comori":[{"title":"1. Să-i ajutăm pe alții să aibă o inimă veselă","paragraf":"(10 min.)Când frații noștri trec prin situații apăsătoare, ar putea simți că toate zilele lor sunt rele (Pr 15:15)Să le arătăm ospitalitate celor care se confruntă cu greutăți (Pr 15:17; w10 15/11 31 ¶16)„O privire senină” și câteva cuvinte încurajatoare pot aduce multă mângâiere (Pr 15:23, 30; w18.04 23, 24 ¶16-18)ÎNTREABĂ-TE: Există cineva în congregație care are nevoie de încurajare? Dacă da, cum l-aș putea ajuta?"},{"title":"2. Nestemate spirituale","paragraf":"(10 min.)Pr 15:22 – Cum ne ajută acest principiu biblic să luăm decizii bune când avem nevoie de un tratament medical? (ijwbq articolul 39 ¶3)Ce nestemate spirituale ai găsit în citirea Bibliei din această săptămână?"},{"title":"3. Citirea Bibliei","paragraf":"(4 min.) Pr 15:1-21 (th lecția 2)"}],"predicare":[{"title":"4. Începe o conversație","paragraf":"(3 min.) DIN CASĂ ÎN CASĂ. (lmd lecția 1, punctul 5)"},{"title":"5. Începe o conversație","paragraf":"(4 min.) MĂRTURIE INFORMALĂ. Propune un studiu biblic. (lmd lecția 2, punctul 4)"},{"title":"6. Fă discipoli","paragraf":"(5 min.) Încurajează un elev care se confruntă cu opoziție din partea familiei. (th lecția 4)"}],"crestin":[{"title":"Cântarea 155","paragraf":""},{"title":"7. Putem avea o inimă veselă în pofida încercărilor","paragraf":"(15 min.) Discuție.Vizionați MATERIALUL VIDEO Putem fi bucuroși în pofida suferinței, a foamei și a lipsei de îmbrăcăminte. Apoi întreabă auditoriul:  Ce ați învățat din aceste experiențe?"},{"title":"8. Studiul Bibliei în congregație","paragraf":"(30 min.) bt cap. 27 ¶1-9"},{"title":"Cuvinte de încheiere (3 min.) | Cântarea 100 și rugăciune","paragraf":""}]}