{"introducere":{"data":"2-8 IUNIE","capitole":"PROVERBELE 16","cantarea":"Cântarea 36 și rugăciune | Cuvinte introductive (1 min.)"},"comori":[{"title":"1. Trei întrebări care ne ajută să luăm decizii bune","paragraf":"(10 min.)Am încredere în îndrumarea lui Iehova? (Pr 16:3, 20; w14 15/1 19 ¶11, 12)Îi va aduce bucurie lui Iehova decizia mea? (Pr 16:7)Mă las influențat prea mult de ceea ce spun sau fac alții? (Pr 16:25; w13 15/9 17 ¶1-3)ÎNTREABĂ-TE: Cum mă ajută aceste întrebări să fac alegeri înțelepte în ce privește îmbrăcămintea și pieptănătura?"},{"title":"2. Nestemate spirituale","paragraf":"(10 min.)Pr 16:22 – În ce sens sunt nebunii „disciplinați de propria nebunie”? (it, Disciplinare, „Rezultatul acceptării și al respingerii” ¶1)Ce nestemate spirituale ai găsit în citirea Bibliei din această săptămână?"},{"title":"3. Citirea Bibliei","paragraf":"(4 min.) Pr 16:1-20 (th lecția 12)"}],"predicare":[{"title":"4. Începe o conversație","paragraf":"(3 min.) MĂRTURIE INFORMALĂ. Arată-i unei persoane cum îi poate aduce foloase site-ul jw.org. (lmd lecția 2, punctul 5)"},{"title":"5. Fă vizite ulterioare","paragraf":"(4 min.) DIN CASĂ ÎN CASĂ. Propune-i un studiu biblic unei persoane care, în trecut, a refuzat să studieze. (lmd lecția 9, punctul 5)"},{"title":"6. Cuvântare","paragraf":"(5 min.) ijwbv articolul 40 – Tema: Care este semnificația versetului din Proverbele 16:3? (th lecția 8)"}],"crestin":[{"title":"Cântarea 32","paragraf":""},{"title":"7. Necesități locale","paragraf":"(15 min.)"},{"title":"8. Studiul Bibliei în congregație","paragraf":"(30 min.) bt cap. 27 ¶10-18"},{"title":"Cuvinte de încheiere (3 min.) | Cântarea 68 și rugăciune","paragraf":""}]}