{"introducere":{"data":"23-29 IUNIE","capitole":"PROVERBELE 19","cantarea":"Cântarea 154 și rugăciune | Cuvinte introductive (1 min.)"},"comori":[{"title":"1. Fii un prieten adevărat pentru frații tăi","paragraf":"(10 min.)Treci cu vederea imperfecțiunile lor (Pr 19:11; w23.11 12 ¶16, 17)Sprijină-i în timpuri de necaz (Pr 19:17; w23.07 9, 10 ¶10, 11)Arată-le iubire loială (Pr 19:22; w21.11 9 ¶6, 7)ILUSTRARE: Amintirile sunt precum pozele. Păstrează-le doar pe cele care pun în evidență trăsăturile pozitive ale fraților tăi."},{"title":"2. Nestemate spirituale","paragraf":"(10 min.)Pr 19:21 – De ce anume ar trebui să ținem întotdeauna cont când dăm un sfat? (it, Sfat, sfătuitor ¶5)Ce nestemate spirituale ai găsit în citirea Bibliei din această săptămână?"},{"title":"3. Citirea Bibliei","paragraf":"(4 min.) Pr 19:1-20 (th lecția 2)"}],"predicare":[{"title":"4. Începe o conversație","paragraf":"(3 min.) MĂRTURIE INFORMALĂ. Fără a vorbi despre un anumit adevăr biblic, găsește o modalitate firească de a-i spune persoanei că ești Martor al lui Iehova. (lmd lecția 2, punctul 4)"},{"title":"5. Fă vizite ulterioare","paragraf":"(4 min.) MĂRTURIE INFORMALĂ. Într-o conversație anterioară, persoana ți-a spus că iubește natura. (lmd lecția 9, punctul 4)"},{"title":"6. Cuvântare","paragraf":"(5 min.) lmd apendice A, punctul 10 – Tema: Dumnezeu are un nume. (th lecția 20)"}],"crestin":[{"title":"Cântarea 40","paragraf":""},{"title":"7. Necesități locale","paragraf":"(15 min.)"},{"title":"8. Studiul Bibliei în congregație","paragraf":"(30 min.) bt cap. 28 ¶1-7"},{"title":"Cuvinte de încheiere (3 min.) | Cântarea 61 și rugăciune","paragraf":""}]}