{"introducere":{"data":"13-19 IANUARIE","capitole":"PSALMII 135-137","cantarea":"Cântarea 2 și rugăciune | Cuvinte introductive (1 min.)"},"comori":[{"title":"1. „Domnul nostru este mai mare decât toți ceilalți dumnezei”","paragraf":"(10 min.)Iehova a demonstrat că deține controlul asupra întregii creații (Ps 135:5, 6; it-2-E 661 ¶4, 5)El își apără poporul (Ex 14:29-31; Ps 135:14)El este alături de noi când suntem descurajați (Ps 136:23; w21.11 6 ¶16)"},{"title":"2. Nestemate spirituale","paragraf":"(10 min.)Ps 135:1, 5 – De ce este folosit deseori termenul „Iah” în Biblie? (it, Iah ¶5, 6)Ce nestemate spirituale ai găsit în citirea Bibliei din această săptămână?"},{"title":"3. Citirea Bibliei","paragraf":"(4 min.) Ps 135:1-21 (th lecția 11)"}],"predicare":[{"title":"4. Începe o conversație","paragraf":"(3 min.) MĂRTURIE INFORMALĂ. Fă schimb de date de contact cu o persoană care manifestă interes. (lmd lecția 2, punctul 4)"},{"title":"5. Fă vizite ulterioare","paragraf":"(4 min.) DIN CASĂ ÎN CASĂ. Invită persoana la o întrunire a congregației. (lmd lecția 9, punctul 4)"},{"title":"6. Explică-ți convingerile","paragraf":"(5 min.) Demonstrație. ijwfq articolul 7 – Tema: Sunt Martorii lui Iehova creștini? (th lecția 12)"}],"crestin":[{"title":"Cântarea 10","paragraf":""},{"title":"7. Necesități locale","paragraf":"(15 min.)"},{"title":"8. Studiul Bibliei în congregație","paragraf":"(30 min.) bt cap. 21 ¶1-7 și chenarul de la p. 166"},{"title":"Cuvinte de încheiere (3 min.) | Cântarea 90 și rugăciune","paragraf":""}]}