{"introducere":{"data":"10-16 FEBRUARIE","capitole":"PSALMII 147-150","cantarea":"Cântarea 12 și rugăciune | Cuvinte introductive (1 min.)"},"comori":[{"title":"1. Avem multe motive să-l lăudăm pe Iah","paragraf":"(10 min.)El se îngrijește de fiecare dintre noi (Ps 147:3, 4; w17.07 18 ¶5, 6)Ne înțelege și își folosește puterea pentru a ne ajuta (Ps 147:5; w17.07 18 ¶7)Ne oferă privilegiul de a face parte din poporul său (Ps 147:19, 20; w17.07 21 ¶18)ÎNTREABĂ-TE: Ce altceva mă îndeamnă să-l laud pe Iehova?"},{"title":"2. Nestemate spirituale","paragraf":"(10 min.)Ps 148:1, 10 – În ce fel îl laudă păsările pe Iehova? (it-1-E 316 ¶5)Ce nestemate spirituale ai găsit în citirea Bibliei din această săptămână?"},{"title":"3. Citirea Bibliei","paragraf":"(4 min.) Ps 148:1–149:9 (th lecția 11)"}],"predicare":[{"title":"4. Începe o conversație","paragraf":"(3 min.) DIN CASĂ ÎN CASĂ. Persoana îți spune că suferă de o boală cronică. (lmd lecția 2, punctul 5)"},{"title":"5. Începe o conversație","paragraf":"(4 min.) MĂRTURIE INFORMALĂ. Caută o ocazie de a-i spune persoanei ceva ce ai învățat recent la o întrunire a congregației. (lmd lecția 4, punctul 3)"},{"title":"6. Cuvântare","paragraf":"(5 min.) w19.03 10 ¶7-11 – Tema: Să ascultăm de Isus – Să predicăm vestea bună. Vezi imaginea. (th lecția 14)"}],"crestin":[{"title":"Cântarea 159","paragraf":""},{"title":"7. Raportul anual de serviciu","paragraf":"(15 min.) Discuție.După citirea scrisorii privitoare la raportul anual de serviciu, primite de la filială, invită auditorul să menționeze alte aspecte pozitive din Raportul mondial al Martorilor lui Iehova pentru anul de serviciu 2024. Intervievează câțiva vestitori, aleși dinainte, care au avut experiențe încurajatoare în lucrarea de predicare pe parcursul anului trecut."},{"title":"8. Studiul Bibliei în congregație","paragraf":"(30 min.) bt cap. 22 ¶7-14 și chenarele de la p. 174, 177"},{"title":"Cuvinte de încheiere (3 min.) | Cântarea 37 și rugăciune","paragraf":""}]}