{"introducere":{"data":"17-23 FEBRUARIE","capitole":"PROVERBELE 1","cantarea":"Cântarea 88 și rugăciune | Cuvinte introductive (1 min.)"},"comori":[{"title":"1. Tineri, de cine veți asculta?","paragraf":"(10 min.)[Se va viziona MATERIALUL Introducere la cartea Proverbele.]Fiți înțelepți și ascultați de părinți (Pr 1:8; w17.11 29 ¶16, 17; vezi imaginea)Nu-i ascultați pe cei care fac ce este rău (Pr 1:10, 15; w05 15/2 19, 20 ¶11, 12)"},{"title":"2. Nestemate spirituale","paragraf":"(10 min.)Pr 1:22 – La cine se referă Biblia în general când folosește expresia „om fără minte”? (it-1-E 846 ¶1)Ce nestemate spirituale ai găsit în citirea Bibliei din această săptămână?"},{"title":"3. Citirea Bibliei","paragraf":"(4 min.) Pr 1:1-23 (th lecția 10)"}],"predicare":[{"title":"4. Începe o conversație","paragraf":"(2 min.) MĂRTURIE PUBLICĂ. Persoana vrea să discute în contradictoriu. (lmd lecția 6, punctul 5)"},{"title":"5. Începe o conversație","paragraf":"(2 min.) MĂRTURIE PUBLICĂ. Fă schimb de date de contact cu o persoană interesată. (lmd lecția 1, punctul 5)"},{"title":"6. Fă vizite ulterioare","paragraf":"(2 min.) MĂRTURIE INFORMALĂ. Prezintă programul nostru de studiere a Bibliei și oferă o carte de vizită „Curs biblic gratuit”. (lmd lecția 9, punctul 5)"},{"title":"7. Fă discipoli","paragraf":"(5 min.) lff lecția 16, punctul 6. Folosește un articol de la secțiunea „Cercetează” pentru a-l ajuta pe un elev care are îndoieli cu privire la miracolele lui Isus. (th lecția 3)"}],"crestin":[{"title":"Cântarea 89","paragraf":""},{"title":"8. Necesități locale","paragraf":"(15 min.)"},{"title":"9. Studiul Bibliei în congregație","paragraf":"(30 min.) bt cap. 22 ¶15-21"},{"title":"Cuvinte de încheiere (3 min.) | Cântarea 80 și rugăciune","paragraf":""}]}